"3","2017-07-30 13:33:00","Genoma y anotación de Pseudomonas extremaustralis 14-3b","seqs.fasta","143","Pex143",\N,"https://www.ncbi.nlm.nih.gov/genome/150?genome_assembly_id=216839","101","1117958","2017-08-14 23:46:00",\N,\N,"data"
"5","2017-07-31 10:36:44","Pseudomonas fluorescens SF4c ",\N,"143","Pseudomonas fluorescens SF4c",\N,\N,"101","294","2018-07-13 10:18:23",\N,\N,"data"
"8","2017-08-08 12:16:52","Genoma  Anaplasma marginale str. Floridaa","bedtools-2.25.0.tar.gz","101","Anaplasma marginale",\N,"https://www.ncbi.nlm.nih.gov/genome/?term=Anaplasma%20marginale","107","320483","2017-11-08 17:45:35",\N,\N,"data"
"9","2017-08-29 16:53:02","12",\N,"145","Exoma 003",\N,\N,"101","9606","2018-02-20 11:22:44",\N,\N,"data"
"12","2018-03-21 11:38:13","Transcriptoma Yerba Mate: Ilex Paraguarensis ",\N,"27","Transcriptoma Yerba",\N,\N,"127","185542","2018-03-21 11:38:13",\N,\N,"data"
"16","2018-07-03 11:37:46","Metagenomas de 3 muestras de sedimentos submareales superficiales (0-5 cm) obtenidas en el muelle Comercial (54º 48.656' S, 68º 17.731' W), en Bahía Ushuaia, Tierra del Fuego, en Diciembre de 2008. Las muestras fueron obtenidas manualmente por buceo utilizando tubos de acrílico, a 11.3 m de profundidad. La distancia entre los puntos de muestreo fue de 3-4 m. La secuenciación fue realizada utilizando la plataforma Illumina HiSeq 1500, con una calle por muestra. Las lecturas fueron ensambladas, aunque sólo entre el 4,5 y el 13.9 % de las lecturas mapearon en los scaffolds (valores N50 367-462 bases). Las secuencias de los metagenomas ensamblados y no ensamblados se encuentran depositadas en la base de datos IMG (DOE, USA, https://img.jgi.doe.gov). El nombre del proyecto es “Marine microbial communities from chronically polluted sediments in four geographic locations”, e incluye un total de 23 metagenomas generados a partir de ambientes costeros similares de ambos hemisferios. Los números de acceso de las muestras son los siguientes: ARG01, Ga0026507; ARG02, Ga0026513; ARG03, Ga0026500.",\N,"168","Metagenomas ARG01-03",\N,"https://img.jgi.doe.gov/m","215","408169","2018-07-03 11:37:46",\N,\N,"data"
"17","2018-07-03 11:39:12","Metagenomas de 3 muestras de sedimentos submareales superficiales (0-5 cm) obtenidas en el muelle Planta Orión (54º 48.256' S, 68º 17.296' W), en Bahía Ushuaia, Tierra del Fuego, en Diciembre de 2008. Las muestras fueron obtenidas manualmente por buceo utilizando tubos de acrílico, a 12.3 m de profundidad. La distancia entre los puntos de muestreo fue de 3-4 m. La secuenciación fue realizada utilizando la plataforma Illumina HiSeq 1500, con una calle por muestra. Las lecturas fueron ensambladas, aunque sólo entre el 5,2 y 13,8 % de las lecturas mapearon en los scaffolds (valores N50 374-553 bases). Las secuencias de los metagenomas ensamblados y no ensamblados se encuentran depositadas en la base de datos IMG (DOE, USA, https://img.jgi.doe.gov). El nombre del proyecto es “Marine microbial communities from chronically polluted sediments in four geographic locations”, e incluye un total de 23 metagenomas generados a partir de ambientes costeros similares de ambos hemisferios. Los números de acceso de las muestras son los siguientes: ARG04, Ga0026504; ARG05, Ga0026459; ARG06, Ga0026085.",\N,"168","Metagenomas ARG04-06",\N,"https://img.jgi.doe.gov/m","215","408169","2018-07-03 11:39:12",\N,\N,"data"
"18","2018-07-03 11:43:17","Clon de la biblioteca metagenómica identificado por PCR utilizando primers Nah-for y Ac596r, cuyo blanco son genes que codifican para la subunidad mayor de dioxigenasas de hidrocarburos aromáticos (Loviso et al., 2015, J Appl Microbiol 119, 411-424, https://doi.org/10.1111/jam.12843). El fósmido fue purificado y secuenciado al azar utilizando la plataforma Roche 454. La secuencia del inserto (36.748 bp) fue depositada en GenBank con número de acceso KP330468.1 (Uncultured bacterium fosmid clone M117 genomic sequence).",\N,"171","Clon M117",\N,"https://www.ncbi.nlm.nih.gov/nuccore/KP330468","215","56765","2018-07-16 09:19:11",\N,\N,"data"
"19","2018-07-03 11:55:57","Clon de la biblioteca metagenómica identificado por PCR utilizando primers AlkB484F/AlkB824R, cuyo blanco son genes que codifican para monooxigenasas de hidrocarburos alifáticos (Guibert et al., 2016, Microb Ecol 71:100-112). El fósmido fue purificado y secuenciado al azar utilizando la plataforma Roche 454. La secuencia del inserto (38.325 bp) fue depositada en GenBank con número de acceso KP216409 (Uncultured bacterium clone 964 genomic sequence).",\N,"171","Clon 964",\N,"https://www.ncbi.nlm.nih.gov/nuccore/KP216409.1","215","56765","2018-07-16 09:18:52",\N,\N,"data"
"20","2018-07-03 11:57:49","Clon de la biblioteca metagenómica identificado por PCR utilizando primers AlkB484F/AlkB824R, cuyo blanco son genes que codifican para monooxigenasas de hidrocarburos alifáticos (Guibert et al., 2016, Microb Ecol 71:100-112). El fósmido fue purificado y secuenciado al azar utilizando la plataforma Roche 454. La secuencia del inserto (33.897 bp) fue depositada en GenBank con número de acceso KP216408.1 (Uncultured bacterium clone 401 genomic sequence).",\N,"171","Clon 401",\N,"https://www.ncbi.nlm.nih.gov/nuccore/KP216408.1","215","56765","2018-07-03 11:57:49",\N,\N,"data"
"21","2018-07-03 13:58:41","El set de datos fue generado por secuenciación al azar de los fósmidos purificados de la biblioteca. Contiene 105.998 scaffolds (> 1 kb), con 682.972 CDS (protein coding sequences) predichas utilizando la herramienta MetaGeneMark. Las secuencias se encuentran disponibles a través de colaboraciones con grupos de investigación o convenios con industrias interesadas, para lo cual solicitamos contactarse con los investigadores del Laboratorio de Microbiología Ambiental de CESIMAR-CONICET (Dra. Hebe Dionisi hdionisi@cenpat-conicet.gob.ar; Dra. Mariana Lozada lozada@cenpat-conicet.gob.ar).","GhostKOALA_S1S2.rar","171","Secuenciación al azar",\N,"","215","256318","2018-07-16 09:18:14",\N,\N,"data"
"22","2018-07-16 09:24:07","Fragmentos amplificados a partir de sedimentos intermareales de la costa patagónica, utilizando los primers Ac114F (5´ CTGGCWWTTYCTCACYCAT 3`) Y Ac596R (5´ CRGGTGYCTTCCAGTTG 3´). Estos primers tienen como blanco a genes que codifican para la subunidad alfa de la dioxigenasa inicial de la ruta degradativa de hidrocarburos poliaromáticos de bajo peso molecular, preferenciando la amplificación de genes nahAc de Pseudomonas spp, aunque no exclusivamente. La información sobre estos biomarcadores se encuentra publicada en Lozada et al., 2008. BMC Microbiology 8:50, https://doi.org/10.1186/1471-2180-8-50.","Nahfor-596R.fna","173","Amplicones Ac114F-Ac596R ",\N,\N,"215",\N,"2018-07-16 09:26:12",\N,\N,"data"
"23","2018-07-16 09:27:03","Fragmentos amplificados a partir de sedimentos intermareales de la costa patagónica, utilizando los primers Cyc372F (5' CGATGAGTTGGATAGAGATTCG 3') y Cyc854R (5' GGTTCTCCAAGGTTCTCTG 3'). Estos primers tienen como blanco a genes que codifican para la subunidad alfa de la dioxigenasa inicial de la ruta degradativa de hidrocarburos poliaromáticos de bajo peso molecular (phnA1) de Cycloclasticus spp. La información sobre estos biomarcadores se encuentra publicada en Lozada et al., 2008. BMC Microbiology 8:50, https://doi.org/10.1186/1471-2180-8-50.","cycP.fna","173","Cycloclasticus spp.",\N,"","215",\N,"2018-07-16 09:30:39",\N,\N,"data"
"24","2018-07-16 09:27:52","Fragmentos amplificados a partir de sedimentos intermareales de la costa patagónica, utilizando los primers NMR331f (5´ TGCCCKTACCACGGYTGG 3´) and NMR1134r (5´ CTCGGCGTCGTCCTGYTC 3´). Estos primers tienen como blanco a genes que codifican para la subunidad alfa de la dioxigenasa inicial de la ruta degradativa de hidrocarburos poliaromáticos de bacterias Gram positivas. La información sobre estos biomarcadores se encuentra publicada en Marcos et al., 2009, Lett Appl Microbiol 49:602-608, https://doi.org/10.1111/j.1472-765X.2009.02711.x.","NMR.fna","173","Amplicones Gram+",\N,"","215",\N,"2018-07-16 09:28:05",\N,\N,"data"
"25","2018-07-16 09:28:32","Fragmentos amplificados a partir de sedimentos intermareales de la costa patagónica, utilizando los primers Nah-for (5´ TGCMVNTAYCAYGGYTGG 3´) and Ac596R (5´ CRGGTGYCTTCCAGTTG 3´). Estos primers tienen como blanco a genes que codifican para la subunidad alfa de la dioxigenasa inicial de la ruta degradativa de hidrocarburos poliaromáticos, con amplia especificidad. La información sobre estos biomarcadores se encuentra publicada en Loviso et al., 2015, J Appl Microbiol 119:411-424,  https://doi.org/10.1111/jam.12843.  ","Nahfor-596R.fna","173","Amplicones Nah-for/Ac596R",\N,"","215",\N,"2018-07-16 09:28:48",\N,\N,"data"
"26","2018-07-16 09:29:35","Fragmentos amplificados a partir de sedimentos intermareales de la costa patagónica, utilizando los primers AlkB484F (5? GGKCAYTTCTWCRTYGARCA 3?)y AlkB824R (5? CCGTAGTGYTCRABRTARTT 3?). Estos primers tienen como blanco a genes que codifican para monooxigenasas de la ruta degradativa de hidrocarburos alifáticos, con amplia especificidad. La información sobre estos biomarcadores se encuentra publicada en Guibert et al., 2012, Microb Ecol 64:605-616,  https://doi.org/10.1007/s00248-012-0051-9 y Olivera et al.,  2009, Res Microbiol 160: 19-26, https://doi.org/10.1016/j.resmic.2008.09.011. ","alkB.fna","173","Amplicones alkB",\N,"","215",\N,"2018-07-16 09:29:51",\N,\N,"data"
"27","2018-07-16 09:32:45","Secuenciación en gran escala de fragmentos amplificados del gen ARNr 16S/18S de 3 muestras de sedimentos submareales superficiales (0-5 cm) obtenidas en 2 sitios en Bahía Ushuaia, Tierra del Fuego, en Diciembre de 2008: el muelle Comercial (54º 48.656' S, 68º 17.731' W), y en el muelle Planta Orión (54º 48.256' S, 68º 17.296' W). Las muestras fueron obtenidas manualmente por buceo utilizando tubos de acrílico, a 11,3-12,3 m de profundidad. La distancia entre los puntos de muestreo dentro de cada sitio fue de 3-4 m. Los fragmentos fueron amplificados utilizando los primers 515F (5`GTGCCAGCMGCCGCGGTA3`) y 806R (5`GGACTACHVGGGTWTCTAAT3`), el cual tiene como blanco la región hipervariable V4 del 16S de procariotas (Bacterias y Arqueas).La secuenciación fue realizada utilizando la plataforma Illumina HiSeq 2000, como parte de la iniciativa international Earth Microbiome Project (EMP,www.earthmicrobiome.org). Las secuencias se encuentran depositadas, junto con otras generadas a partir de ambientes costeros similares de ambos hemisferios, en el portal QIITA del EMP Study ID 1198 (www.microbio.me/emp, https9://qiita.ucsd.edu/study/description/1198 ) y en el European Nucleotide Archive (ENA) Study: ERP016557, Polluted Polar Coastal Sediments, muestras de Ushuaia: ERS1262259-ERS1262264 (ARG01-ARG06). La información correspondiente se encuentra publicada en Espínola et al,. 2018.  Microbial Ecology 75:123-139, https://doi.org/10.1007/s00248-017-1028-5; Thompson et al. 2017. Nature 551:457-463, https://doi.org/10.1038/nature24621. ",\N,"172","Bahía Ushuaia, sed submar, Illumina",\N,"www.microbio.me/emp, https9://qiita.ucsd.edu/study/description/1198","215",\N,"2018-07-16 09:32:45",\N,\N,"data"
"28","2018-07-16 09:37:42","Secuenciación en gran escala de fragmentos amplificados del gen ARNr 16S/18S de 3 muestras de sedimentos submareales superficiales (0-5 cm) obtenidas en 2 sitios en Bahía Ushuaia, Tierra del Fuego, en Diciembre de 2008: el muelle Comercial (54º 48.656' S, 68º 17.731' W), y en el muelle Planta Orión (54º 48.256' S, 68º 17.296' W). Las muestras fueron obtenidas manualmente por buceo utilizando tubos de acrílico, a 11,3-12,3 m de profundidad. La distancia entre los puntos de muestreo dentro de cada sitio fue de 3-4 m. Los fragmentos fueron amplificados utilizando los primers 926F y 1392R (5? AAACTYAAAKGAATTGAC 3?/5? GGACGGGCGGTGTGTRC 3?), el cual tiene como blanco la región hipervariable V6-V8 del 16S/18S (Bacterias, Arqueas y Eucariotas). Las secuencias fueron generadas por pirosecuenciación con la plataforma Roche 454 GS-FLX/Titanium chemistry en las facilidades del Joint Genome Institute (JGI, http://genome.jgi.doe.gov). Las secuencias se encuentran depositadas en el Short Nucleotide Archive (SRA) bajo números de acceso SRR1974485 (ARG01), SRR1976076 (ARG02),SRR1976077 (ARG03), SRR1976079 (ARG04), SRR1976082 (ARG05), and SRR1976083 (ARG06). La información sobre estos genes se encuentra publicada en Guibert et al., 2016. Microbial Ecology 71:100-112. https://doi.org/10.1007/s00248-015-0698-0",\N,"172","Bahía Ushuaia, sed submar, Roche 454",\N,"https://www.ncbi.nlm.nih.gov/sra?LinkName=bioproject_sra_all&from_uid=280457","215",\N,"2018-07-16 09:37:42",\N,\N,"data"
"29","2018-07-16 09:40:35","Secuenciación en gran escala de fragmentos amplificados del gen ARNr 16S/18S de muestras de sedimentos intermareales obtenidas en 3 sitios en de la costa patagonica: Playa Fracasso, Chubut (42o 25.410 ? S; 64o 07.867 ?W, mayo 2008), Caleta Cordova, Chubut (45o 44.322 ? S; 67o 22.695 ? W y 45o 45.033 ? S; 67o 22.486 ? W, abril 2008) y Bahía Ushuaia, Tierra del Fuego (54º 48.256' S, 68º 17.296' W, Diciembre de 2008). Las muestras fueron obtenidas manualmente utilizando tubos de acrílico, en forma compuesta. Los fragmentos fueron amplificados utilizando los primers 520 F (5?-YTGGGYDTAAAGNG-3?) y 802R (5?-TACCRGGGTHTCTAATCC-3?, 5?TACCAGAGTATC TAATTC-3?, 5?-CTACDSRGGTMTCTAATC-3?, and 5?-TACNVGGGTATCTAATCC-3?) (Ribosomal Database Project (RDP) suggested primers), los cuales tiene como blanco la región hipervariable V4 del 16S de Bacteria. Las secuencias fueron generadas por pirosecuenciación con la plataforma Roche 454 GS-FLX/Titanium chemistry en las facilidades del INDEAR, Rosario, Argentina. Las secuencias se encuentran depositadas en el Short Nucleotide Archive (SRA) bajo números de acceso SRA049611 (“16S rRNA amplicon pyrosequencing of bacterial communities from patagonian coastal sediments pooled samples”): SRS290218 (Playa Fracasso), SRS290219 y SRS290243 (Caleta Cordova), y SRS290213 (Bahía Ushuaia). La información sobre estos genes se encuentra publicada en Lozada et al., 2014, Microbes and Environments 29:269-276, https://doi.org/10.1264/jsme2.ME14028",\N,"172","Costa Patagónica, sed intermar, Roche 454",\N,"https://www.ncbi.nlm.nih.gov/biosample?Db=biosample&DbFrom=bioproject&Cmd=Link&LinkName=bioproject_biosample&LinkReadableName=BioSample&ordinalpos=1&IdsFromResult=81955","215",\N,"2018-07-16 09:40:35",\N,\N,"data"
"30","2018-07-16 09:44:30","Secuenciación en gran escala de fragmentos amplificados del gen ARNr 16S/18S de muestras de sedimentos intermareales obtenidas Bahía Ushuaia, Tierra del Fuego (54º 48.256' S, 68º 17.296' W), diciembre de 2008. Las muestras fueron obtenidas manualmente utilizando tubos de acrílico,  en forma compuesta. Los sistemas experimentales fueron construidos mezclando una parte de sedimento con 2 partes de agua de mar natural (slurry), y mantenidos a 15°C en oscuridad con agitación. Luego de 20 días se extrajo ADN. Los fragmentos fueron amplificados utilizando los primers 520 F (5?-YTGGGYDTAAAGNG-3?) y 802R (5?-TACCRGGGTHTCTAATCC-3?, 5?TACCAGAGTATC TAATTC-3?, 5?-CTACDSRGGTMTCTAATC-3?, and 5?-TACNVGGGTATCTAATCC-3?)(Ribosomal Database Project (RDP) suggested primers), los cuales tienen como blanco la región hipervariable V4 del 16S de Bacteria. Las secuencias fueron generadas por pirosecuenciación con la plataforma Roche 454 GS-FLX/Titanium chemistry en las facilidades del INDEAR, Rosario, Argentina. Las secuencias se encuentran depositadas en el Short Nucleotide Archive (SRA) bajo números de acceso SRA049611 (“16S rRNA amplicon pyrosequencing of bacterial communities from patagonian coastal sediments pooled samples”): muestras SRS290213 (Bahía Ushuaia, muestra original), SRS290214 (slurry control), SRS290215 (slurry con agregado de petroleo crudo), SRS290216 (slurry con agregado de petroleo crudo y nutrientes).  La información sobre estos genes se encuentra publicada en Guibert et al., 2012, Microbial Ecology 64:605–616. https://doi.org/10.1007/s00248-012-0051-9   ",\N,"172","Bahía Ushuaia, sed y sist exper, Roche 454",\N,"https://www.ncbi.nlm.nih.gov/biosample?Db=biosample&DbFrom=bioproject&Cmd=Link&LinkName=bioproject_biosample&LinkReadableName=BioSample&ordinalpos=1&IdsFromResult=81955","215",\N,"2018-07-16 09:44:30",\N,\N,"data"
"31","2018-08-10 07:46:24","Genoma mitocondrial completo (60 cromosomas) de la angiosperma holoparasita Lophophytum mirabile",\N,"33","Lophophytum mirabile mtDNA",\N,"https://www.ncbi.nlm.nih.gov/nuccore/?term=txid1813629[Organism:noexp]","137","1813629","2018-08-10 07:49:38",\N,\N,"data"
"32","2018-08-10 07:52:44","Genoma mitocondrial completo de Hyoscyamus niger",\N,"28","Hyoscyamus niger mtDNA",\N,"https://www.ncbi.nlm.nih.gov/nuccore/NC_026515.1","137","4079","2018-08-10 07:52:44",\N,\N,"data"
"33","2018-08-10 07:55:22","Genoma mitocondrial quimérico del cibrido FH4 entre Nicotiana tabacum y Hyoscyamus niger",\N,"28","Nt(+Hn) FH4 mtDNA",\N,"https://www.ncbi.nlm.nih.gov/nuccore/?term=txid1520274[Organism:noexp]","137","1520274","2018-08-10 07:55:22",\N,\N,"data"
"34","2018-10-03 09:00:24","Commercial Glyphosate was applied to a gricultural soil with long history of glyphosate application ",\N,"56","Soil with long history of glyphosate application",\N,"https://www.ncbi.nlm.nih.gov/sra/SRX2987207[accn]","155",\N,"2018-10-03 09:00:24",\N,\N,"data"
"35","2018-10-03 09:01:37","Commercial Glyphosate was applied to a pristine soil under field conditions. Three plots were spraye",\N,"56","Pristine soil",\N,"https://www.ncbi.nlm.nih.gov/sra/SRX2987206[accn]","155",\N,"2018-10-03 09:01:37",\N,\N,"data"
"36","2018-10-03 09:02:12","Commercial Glyphosate was applied to a gricultural soil with short history of glyphosate application",\N,"56","Soil with short history of glyphosate application",\N,"https://www.ncbi.nlm.nih.gov/sra/SRX2987205[accn]","155",\N,"2018-10-03 09:02:12",\N,\N,"data"
"37","2018-11-12 14:37:08",\N,\N,"178","Demographic history inferred from genome",\N,"http://datadryad.org/resource/doi:10.5061/dryad.9fg2r","206",\N,"2018-11-12 14:37:08",\N,\N,"data"
"38","2018-11-12 16:09:26",\N,\N,"184","Polimorfismos en variedades",\N,"http://159.203.212.59/downloads/vcf/","220",\N,"2018-11-12 16:09:26",\N,\N,"data"
"39","2018-11-12 16:13:57",\N,\N,"218","Caracterización Molecular Genotipos de Trigo",\N,"http://159.203.212.59: 3333/project?project=1782384578533","220",\N,"2018-11-12 16:13:57",\N,\N,"data"
"40","2018-11-12 16:15:54",\N,\N,"226","Genotipado 35K SNPs",\N,"http://159.203.212.59/downloads/snps/am.csv","220",\N,"2018-11-12 16:15:54",\N,\N,"data"
"41","2018-11-12 16:16:47",\N,\N,"199","Seq strees girasol",\N,"http://159.203.212.59/downloads/seq_stress_girasol/","220",\N,"2018-11-12 16:16:47",\N,\N,"data"
"42","2018-11-12 16:37:21",\N,\N,"149","Acidovorax avenae T10_61contig001",\N,"https://www.ncbi.nlm.nih.gov/nuccore/LJGO01000001","201",\N,"2018-11-12 16:39:17",\N,\N,"data"
"43","2018-11-12 16:38:31","",\N,"149","Acidovorax avenae T10_61contig130",\N,"https://www.ncbi.nlm.nih.gov/nuccore/LJGO01000130","201",\N,"2018-11-12 16:38:31",\N,\N,"data"
"44","2018-11-12 17:34:22",\N,\N,"191","Datos pancreas embrionario humano E-MTAB-3061",\N,"https://www.ebi.ac.uk/arrayexpress/experiments/E-MTAB-3061/","228",\N,"2018-11-12 17:35:13",\N,\N,"data"
"45","2018-11-12 17:35:01","",\N,"191","Datos pancreas embrionario humano E-MTAB-1294",\N,"https://www.ebi.ac.uk/arrayexpress/experiments/E-MTAB-1294/","228",\N,"2018-11-12 17:37:57",\N,\N,"data"
"46","2018-11-13 11:33:36",\N,\N,"66","AFGG01",\N,"https://www.ncbi.nlm.nih.gov/nuccore/?term=AFGG01","152",\N,"2018-11-13 11:33:36",\N,\N,"data"
"47","2018-11-13 11:45:23","",\N,"66","ASXD01",\N,"https://www.ncbi.nlm.nih.gov/nuccore/?term=ASXD01","152",\N,"2018-11-13 11:45:23",\N,\N,"data"
"48","2018-11-13 11:45:33","",\N,"66","AQOD01",\N,"https://www.ncbi.nlm.nih.gov/nuccore/?term=AQOD01","152",\N,"2018-11-13 11:45:33",\N,\N,"data"
"49","2018-11-13 11:45:54","",\N,"66","APMS01",\N,"https://www.ncbi.nlm.nih.gov/nuccore/?term=APMS01","152",\N,"2018-11-13 11:45:54",\N,\N,"data"
"50","2018-11-13 11:46:11","",\N,"66","AQOE01",\N,"https://www.ncbi.nlm.nih.gov/nuccore/?term=AQOE01","152",\N,"2018-11-13 11:46:11",\N,\N,"data"
"51","2018-11-13 11:46:19","",\N,"66","JFYL01",\N,"https://www.ncbi.nlm.nih.gov/nuccore/?term=JFYL01","152",\N,"2018-11-13 11:46:19",\N,\N,"data"
"52","2018-11-13 11:46:31","",\N,"66","SRP029444",\N,"https://www.ncbi.nlm.nih.gov/sra/?term=SRP029444","152",\N,"2018-11-13 11:46:31",\N,\N,"data"
"53","2018-11-13 11:46:47","",\N,"66","SRP028184",\N,"https://www.ncbi.nlm.nih.gov/sra/?term=SRP028184","152",\N,"2018-11-13 11:46:47",\N,\N,"data"
"54","2018-11-13 11:46:59","",\N,"66","SRP007748",\N,"https://www.ncbi.nlm.nih.gov/sra/?term=SRP007748","152",\N,"2018-11-13 11:46:59",\N,\N,"data"
"55","2018-11-13 11:47:13","",\N,"66","SRA061755",\N,"https://www.ncbi.nlm.nih.gov/sra/?term=SRA061755","152",\N,"2018-11-13 11:47:13",\N,\N,"data"
"56","2018-11-13 11:47:25","",\N,"66","SRR1151110",\N,"https://www.ncbi.nlm.nih.gov/sra/?term=SRR1151110","152",\N,"2018-11-13 11:47:25",\N,\N,"data"
"57","2018-11-13 12:44:37",\N,\N,"198","LNTD00000000.1",\N,"https://www.ncbi.nlm.nih.gov/nuccore/LNTD00000000.1","107",\N,"2018-11-13 12:44:37",\N,\N,"data"
"58","2018-11-13 12:44:48","",\N,"198","LITU00000000.1",\N,"https://www.ncbi.nlm.nih.gov/nuccore/LITU00000000.1","107",\N,"2018-11-13 12:44:48",\N,\N,"data"
"59","2018-11-13 12:46:10",\N,\N,"82","bioproject/283608",\N,"https://www.ncbi.nlm.nih.gov/bioproject/283608","107",\N,"2018-11-13 12:46:10",\N,\N,"data"
"60","2018-11-13 16:30:31","",\N,"86","Genómica girasol",\N,"http://atgc-sur.inta.gob.ar/welcome/default/index","107",\N,"2018-11-13 16:30:31",\N,\N,"data"
"61","2018-11-13 16:31:21",\N,\N,"123","Genómica funcional de girasol",\N,"http://atgc-sur.inta.gob.ar/welcome/default/index","107",\N,"2018-11-13 16:31:21",\N,\N,"data"
